,league,match_id,game_date,home,home_id,home_primary,home_secondary,home_text,away,away_id,away_primary,away_secondary,away_text,season,type
0,242,15137894,1772911800,New England Revolution,2511,#000066,#ff0000,#ff0000,Houston Dynamo,2508,#ff6600,#ffffff,#ffffff,26,regular
1,242,15137918,1774112400,Toronto FC,7080,#ff0000,#000000,#000000,Columbus Crew,2504,#000000,#ffff00,#ffff00,26,regular
2,242,15137921,1774125000,Philadelphia Union,39833,#000033,#999900,#999900,Chicago Fire,2505,#ff0000,#000066,#000066,26,regular
3,242,15137922,1774131300,Nashville SC,337612,#0f1545,#ece83a,#ece83a,Orlando City SC,52237,#660099,#ffffff,#ffffff,26,regular
4,242,15137926,1774135800,Charlotte FC,404108,#3180ff,#010101,#010101,New York Red Bulls,2506,#ffffff,#cc0000,#cc0000,26,regular
5,242,15137923,1774135800,Atlanta United,243211,#000000,#80000a,#80000a,DC United,2502,#000000,#ff0000,#ff0000,26,regular
6,242,15137928,1774139400,FC Dallas,2512,#ff0000,#cc0000,#cc0000,Houston Dynamo,2508,#ff6600,#ffffff,#ffffff,26,regular
7,242,15137931,1774139400,Sporting Kansas City,2509,#99ccff,#000033,#000033,Colorado Rapids,2510,#660033,#ffffff,#ffffff,26,regular
8,242,15137930,1774139400,St.Louis City,407803,#374df5,#374df5,#ffffff,New England Revolution,2511,#000066,#ff0000,#ff0000,26,regular
9,242,15137924,1774140300,Austin FC,377973,#1ca949,#000000,#000000,Los Angeles FC,274650,#303030,#c39e69,#c39e69,26,regular
10,242,15137932,1774146600,Vancouver Whitecaps,22010,#ffffff,#000066,#000066,San Jose Earthquakes,21825,#3366ff,#000000,#000000,26,regular
11,242,15137935,1774198800,New York City FC,187643,#6eade0,#171d23,#171d23,Inter Miami CF,337602,#212322,#f6b5cc,#f6b5cc,26,regular
12,242,15137920,1774198800,FC Cincinnati,215167,#0433ff,#ff7309,#ff7309,CF Montréal,22006,#0033ff,#000000,#000000,26,regular
13,242,15137950,1774204200,Minnesota United,41618,#585958,#9ccee5,#9ccee5,Seattle Sounders FC,22009,#33cc00,#0066ff,#0066ff,26,regular
14,242,15137936,1774212300,Portland Timbers,22007,#006633,#006633,#006633,LA Galaxy,2513,#ffffff,#ffcc00,#ffcc00,26,regular
15,242,15137937,1774220400,San Diego FC,1043961,#374df5,#374df5,#ffffff,Real Salt Lake,5133,#cc0000,#ffff00,#ffff00,26,regular
16,242,15171465,1775322000,Toronto FC,7080,#ff0000,#000000,#000000,Colorado Rapids,2510,#660033,#ffffff,#ffffff,26,regular
17,242,15171461,1775334600,New England Revolution,2511,#000066,#ff0000,#ff0000,CF Montréal,22006,#0033ff,#000000,#000000,26,regular
18,242,15171466,1775334600,Real Salt Lake,5133,#cc0000,#ffff00,#ffff00,Sporting Kansas City,2509,#99ccff,#000033,#000033,26,regular
19,242,15171441,1775345400,Inter Miami CF,337602,#212322,#f6b5cc,#f6b5cc,Austin FC,377973,#1ca949,#000000,#000000,26,regular
20,242,15171446,1775345400,Atlanta United,243211,#000000,#80000a,#80000a,Columbus Crew,2504,#000000,#ffff00,#ffff00,26,regular
21,242,15171456,1775345400,New York Red Bulls,2506,#ffffff,#cc0000,#cc0000,FC Cincinnati,215167,#0433ff,#ff7309,#ff7309,26,regular
22,242,15171453,1775345400,Charlotte FC,404108,#3180ff,#010101,#010101,Philadelphia Union,39833,#000033,#999900,#999900,26,regular
23,242,15171464,1775345400,New York City FC,187643,#6eade0,#171d23,#171d23,St.Louis City,407803,#374df5,#374df5,#ffffff,26,regular
24,242,15171451,1775345400,DC United,2502,#000000,#ff0000,#ff0000,FC Dallas,2512,#ff0000,#cc0000,#cc0000,26,regular
25,242,15171455,1775349000,Houston Dynamo,2508,#ff6600,#ffffff,#ffffff,Seattle Sounders FC,22009,#33cc00,#0066ff,#0066ff,26,regular
26,242,15171467,1775349000,Chicago Fire,2505,#ff0000,#000066,#000066,Nashville SC,337612,#0f1545,#ece83a,#ece83a,26,regular
27,242,15171462,1775352600,Los Angeles FC,274650,#303030,#c39e69,#c39e69,Orlando City SC,52237,#660099,#ffffff,#ffffff,26,regular
28,242,15171447,1775356200,LA Galaxy,2513,#ffffff,#ffcc00,#ffcc00,Minnesota United,41618,#585958,#9ccee5,#9ccee5,26,regular
29,242,15171459,1775356200,Vancouver Whitecaps,22010,#ffffff,#000066,#000066,Portland Timbers,22007,#006633,#006633,#006633,26,regular
30,242,15171458,1775356200,San Jose Earthquakes,21825,#3366ff,#000000,#000000,San Diego FC,1043961,#374df5,#374df5,#ffffff,26,regular
31,242,15171449,1775926800,Toronto FC,7080,#ff0000,#000000,#000000,FC Cincinnati,215167,#0433ff,#ff7309,#ff7309,26,regular
32,242,15171445,1775932200,Austin FC,377973,#1ca949,#000000,#000000,LA Galaxy,2513,#ffffff,#ffcc00,#ffcc00,26,regular
33,242,15171440,1775932200,CF Montréal,22006,#0033ff,#000000,#000000,Philadelphia Union,39833,#000033,#999900,#999900,26,regular
34,242,15171454,1775939400,Portland Timbers,22007,#006633,#006633,#006633,Los Angeles FC,274650,#303030,#c39e69,#c39e69,26,regular
35,242,15171444,1775950200,Inter Miami CF,337602,#212322,#f6b5cc,#f6b5cc,New York Red Bulls,2506,#ffffff,#cc0000,#cc0000,26,regular
36,242,15171457,1775950200,Vancouver Whitecaps,22010,#ffffff,#000066,#000066,New York City FC,187643,#6eade0,#171d23,#171d23,26,regular
37,242,15171468,1775950200,Charlotte FC,404108,#3180ff,#010101,#010101,Nashville SC,337612,#0f1545,#ece83a,#ece83a,26,regular
38,242,15171442,1775950200,New England Revolution,2511,#000066,#ff0000,#ff0000,DC United,2502,#000000,#ff0000,#ff0000,26,regular
39,242,15171443,1775953800,Chicago Fire,2505,#ff0000,#000066,#000066,Atlanta United,243211,#000000,#80000a,#80000a,26,regular
40,242,15171463,1775953800,FC Dallas,2512,#ff0000,#cc0000,#cc0000,St.Louis City,407803,#374df5,#374df5,#ffffff,26,regular
41,242,15171450,1775953800,Sporting Kansas City,2509,#99ccff,#000033,#000033,San Jose Earthquakes,21825,#3366ff,#000000,#000000,26,regular
42,242,15171448,1775957400,Colorado Rapids,2510,#660033,#ffffff,#ffffff,Houston Dynamo,2508,#ff6600,#ffffff,#ffffff,26,regular
43,242,15171471,1775961000,San Diego FC,1043961,#374df5,#374df5,#ffffff,Minnesota United,41618,#585958,#9ccee5,#9ccee5,26,regular
44,242,15171452,1776034800,Columbus Crew,2504,#000000,#ffff00,#ffff00,Orlando City SC,52237,#660099,#ffffff,#ffffff,26,regular
45,242,15171460,1776042000,Seattle Sounders FC,22009,#33cc00,#0066ff,#0066ff,Real Salt Lake,5133,#cc0000,#ffff00,#ffff00,26,regular
46,242,15171469,1776479400,Vancouver Whitecaps,22010,#ffffff,#000066,#000066,Sporting Kansas City,2509,#99ccff,#000033,#000033,26,regular
47,242,15171474,1776531600,Toronto FC,7080,#ff0000,#000000,#000000,Austin FC,377973,#1ca949,#000000,#000000,26,regular
48,242,15171470,1776537000,CF Montréal,22006,#0033ff,#000000,#000000,New York Red Bulls,2506,#ffffff,#cc0000,#cc0000,26,regular
49,242,15171475,1776544200,Colorado Rapids,2510,#660033,#ffffff,#ffffff,Inter Miami CF,337602,#212322,#f6b5cc,#f6b5cc,26,regular
50,242,15171472,1776555000,Atlanta United,243211,#000000,#80000a,#80000a,Nashville SC,337612,#0f1545,#ece83a,#ece83a,26,regular
51,242,15171473,1776555000,FC Cincinnati,215167,#0433ff,#ff7309,#ff7309,Chicago Fire,2505,#ff0000,#000066,#000066,26,regular
52,242,15171477,1776555000,New England Revolution,2511,#000066,#ff0000,#ff0000,Columbus Crew,2504,#000000,#ffff00,#ffff00,26,regular
53,242,15171479,1776555000,Philadelphia Union,39833,#000033,#999900,#999900,DC United,2502,#000000,#ff0000,#ff0000,26,regular
54,242,15171476,1776555000,New York City FC,187643,#6eade0,#171d23,#171d23,Charlotte FC,404108,#3180ff,#010101,#010101,26,regular
55,242,15171481,1776555000,Orlando City SC,52237,#660099,#ffffff,#ffffff,Houston Dynamo,2508,#ff6600,#ffffff,#ffffff,26,regular
56,242,15171478,1776558600,FC Dallas,2512,#ff0000,#cc0000,#cc0000,LA Galaxy,2513,#ffffff,#ffcc00,#ffcc00,26,regular
57,242,15171484,1776558600,Minnesota United,41618,#585958,#9ccee5,#9ccee5,Portland Timbers,22007,#006633,#006633,#006633,26,regular
58,242,15171482,1776562200,Seattle Sounders FC,22009,#33cc00,#0066ff,#0066ff,St.Louis City,407803,#374df5,#374df5,#ffffff,26,regular
59,242,15171480,1776562200,Real Salt Lake,5133,#cc0000,#ffff00,#ffff00,San Diego FC,1043961,#374df5,#374df5,#ffffff,26,regular
60,242,15171483,1776639600,Los Angeles FC,274650,#303030,#c39e69,#c39e69,San Jose Earthquakes,21825,#3366ff,#000000,#000000,26,regular
61,242,15171486,1776900600,Columbus Crew,2504,#000000,#ffff00,#ffff00,LA Galaxy,2513,#ffffff,#ffcc00,#ffcc00,26,regular
62,242,15171488,1776900600,New York City FC,187643,#6eade0,#171d23,#171d23,FC Cincinnati,215167,#0433ff,#ff7309,#ff7309,26,regular
63,242,15171490,1776900600,Toronto FC,7080,#ff0000,#000000,#000000,Philadelphia Union,39833,#000033,#999900,#999900,26,regular
64,242,15171491,1776900600,Orlando City SC,52237,#660099,#ffffff,#ffffff,Charlotte FC,404108,#3180ff,#010101,#010101,26,regular
65,242,15171485,1776900600,Atlanta United,243211,#000000,#80000a,#80000a,New England Revolution,2511,#000066,#ff0000,#ff0000,26,regular
66,242,15171487,1776900600,New York Red Bulls,2506,#ffffff,#cc0000,#cc0000,DC United,2502,#000000,#ff0000,#ff0000,26,regular
67,242,15171489,1776904200,FC Dallas,2512,#ff0000,#cc0000,#cc0000,Minnesota United,41618,#585958,#9ccee5,#9ccee5,26,regular
68,242,15171492,1776904200,Houston Dynamo,2508,#ff6600,#ffffff,#ffffff,San Diego FC,1043961,#374df5,#374df5,#ffffff,26,regular
69,242,15171508,1776907800,Real Salt Lake,5133,#cc0000,#ffff00,#ffff00,Inter Miami CF,337602,#212322,#f6b5cc,#f6b5cc,26,regular
70,242,15171500,1776911400,Los Angeles FC,274650,#303030,#c39e69,#c39e69,Colorado Rapids,2510,#660033,#ffffff,#ffffff,26,regular
71,242,15171495,1776911400,San Jose Earthquakes,21825,#3366ff,#000000,#000000,Austin FC,377973,#1ca949,#000000,#000000,26,regular
72,242,15171493,1777136400,Toronto FC,7080,#ff0000,#000000,#000000,Atlanta United,243211,#000000,#80000a,#80000a,26,regular
73,242,15171494,1777141800,CF Montréal,22006,#0033ff,#000000,#000000,New York City FC,187643,#6eade0,#171d23,#171d23,26,regular
74,242,15171503,1777149000,Minnesota United,41618,#585958,#9ccee5,#9ccee5,Los Angeles FC,274650,#303030,#c39e69,#c39e69,26,regular
75,242,15171511,1777159800,Inter Miami CF,337602,#212322,#f6b5cc,#f6b5cc,New England Revolution,2511,#000066,#ff0000,#ff0000,26,regular
76,242,15171499,1777159800,Columbus Crew,2504,#000000,#ffff00,#ffff00,Philadelphia Union,39833,#000033,#999900,#999900,26,regular
77,242,15171506,1777159800,FC Cincinnati,215167,#0433ff,#ff7309,#ff7309,New York Red Bulls,2506,#ffffff,#cc0000,#cc0000,26,regular
78,242,15171505,1777159800,DC United,2502,#000000,#ff0000,#ff0000,Orlando City SC,52237,#660099,#ffffff,#ffffff,26,regular
79,242,15171515,1777163400,Nashville SC,337612,#0f1545,#ece83a,#ece83a,Charlotte FC,404108,#3180ff,#010101,#010101,26,regular
80,242,15171498,1777163400,Chicago Fire,2505,#ff0000,#000066,#000066,Sporting Kansas City,2509,#99ccff,#000033,#000033,26,regular
81,242,15171497,1777163400,Austin FC,377973,#1ca949,#000000,#000000,Houston Dynamo,2508,#ff6600,#ffffff,#ffffff,26,regular
82,242,15171507,1777163400,St.Louis City,407803,#374df5,#374df5,#ffffff,San Jose Earthquakes,21825,#3366ff,#000000,#000000,26,regular
83,242,15171513,1777167000,San Diego FC,1043961,#374df5,#374df5,#ffffff,Portland Timbers,22007,#006633,#006633,#006633,26,regular
84,242,15171502,1777170600,Seattle Sounders FC,22009,#33cc00,#0066ff,#0066ff,FC Dallas,2512,#ff0000,#cc0000,#cc0000,26,regular
85,242,15171496,1777170600,Vancouver Whitecaps,22010,#ffffff,#000066,#000066,Colorado Rapids,2510,#660033,#ffffff,#ffffff,26,regular
86,242,15171501,1777244400,LA Galaxy,2513,#ffffff,#ffcc00,#ffcc00,Real Salt Lake,5133,#cc0000,#ffff00,#ffff00,26,regular
87,242,15171510,1777741200,Toronto FC,7080,#ff0000,#000000,#000000,San Jose Earthquakes,21825,#3366ff,#000000,#000000,26,regular
88,242,15171504,1777746600,Sporting Kansas City,2509,#99ccff,#000033,#000033,Seattle Sounders FC,22009,#33cc00,#0066ff,#0066ff,26,regular
89,242,15171512,1777753800,Real Salt Lake,5133,#cc0000,#ffff00,#ffff00,Portland Timbers,22007,#006633,#006633,#006633,26,regular
90,242,15171514,1777762800,Inter Miami CF,337602,#212322,#f6b5cc,#f6b5cc,Orlando City SC,52237,#660099,#ffffff,#ffffff,26,regular
91,242,15171518,1777764600,Philadelphia Union,39833,#000033,#999900,#999900,Nashville SC,337612,#0f1545,#ece83a,#ece83a,26,regular
92,242,15171519,1777764600,Columbus Crew,2504,#000000,#ffff00,#ffff00,Minnesota United,41618,#585958,#9ccee5,#9ccee5,26,regular
93,242,15171509,1777764600,Atlanta United,243211,#000000,#80000a,#80000a,CF Montréal,22006,#0033ff,#000000,#000000,26,regular
94,242,15171517,1777764600,New York Red Bulls,2506,#ffffff,#cc0000,#cc0000,FC Dallas,2512,#ff0000,#cc0000,#cc0000,26,regular
95,242,15171516,1777764600,New England Revolution,2511,#000066,#ff0000,#ff0000,Charlotte FC,404108,#3180ff,#010101,#010101,26,regular
96,242,15171520,1777768200,Chicago Fire,2505,#ff0000,#000066,#000066,FC Cincinnati,215167,#0433ff,#ff7309,#ff7309,26,regular
97,242,15171523,1777768200,Houston Dynamo,2508,#ff6600,#ffffff,#ffffff,Colorado Rapids,2510,#660033,#ffffff,#ffffff,26,regular
98,242,15171522,1777771800,San Diego FC,1043961,#374df5,#374df5,#ffffff,Los Angeles FC,274650,#303030,#c39e69,#c39e69,26,regular
99,242,15171521,1777775400,LA Galaxy,2513,#ffffff,#ffcc00,#ffcc00,Vancouver Whitecaps,22010,#ffffff,#000066,#000066,26,regular
100,242,15171524,1777834800,New York City FC,187643,#6eade0,#171d23,#171d23,DC United,2502,#000000,#ff0000,#ff0000,26,regular
101,242,15171525,1777843800,Austin FC,377973,#1ca949,#000000,#000000,St.Louis City,407803,#374df5,#374df5,#ffffff,26,regular
102,242,15171527,1778346000,Toronto FC,7080,#ff0000,#000000,#000000,Inter Miami CF,337602,#212322,#f6b5cc,#f6b5cc,26,regular
103,242,15171528,1778351400,Chicago Fire,2505,#ff0000,#000066,#000066,New York Red Bulls,2506,#ffffff,#cc0000,#cc0000,26,regular
104,242,15171526,1778358600,CF Montréal,22006,#0033ff,#000000,#000000,Orlando City SC,52237,#660099,#ffffff,#ffffff,26,regular
105,242,15171530,1778369400,Atlanta United,243211,#000000,#80000a,#80000a,LA Galaxy,2513,#ffffff,#ffcc00,#ffcc00,26,regular
106,242,15171531,1778369400,Charlotte FC,404108,#3180ff,#010101,#010101,FC Cincinnati,215167,#0433ff,#ff7309,#ff7309,26,regular
107,242,15171529,1778369400,New England Revolution,2511,#000066,#ff0000,#ff0000,Philadelphia Union,39833,#000033,#999900,#999900,26,regular
108,242,15171532,1778373000,FC Dallas,2512,#ff0000,#cc0000,#cc0000,Real Salt Lake,5133,#cc0000,#ffff00,#ffff00,26,regular
109,242,15171535,1778374800,Nashville SC,337612,#0f1545,#ece83a,#ece83a,DC United,2502,#000000,#ff0000,#ff0000,26,regular
110,242,15171533,1778376600,Colorado Rapids,2510,#660033,#ffffff,#ffffff,St.Louis City,407803,#374df5,#374df5,#ffffff,26,regular
111,242,15171538,1778380200,Seattle Sounders FC,22009,#33cc00,#0066ff,#0066ff,San Diego FC,1043961,#374df5,#374df5,#ffffff,26,regular
112,242,15171539,1778380200,San Jose Earthquakes,21825,#3366ff,#000000,#000000,Vancouver Whitecaps,22010,#ffffff,#000066,#000066,26,regular
113,242,15171534,1778380200,Portland Timbers,22007,#006633,#006633,#006633,Sporting Kansas City,2509,#99ccff,#000033,#000033,26,regular
114,242,15171536,1778445000,New York City FC,187643,#6eade0,#171d23,#171d23,Columbus Crew,2504,#000000,#ffff00,#ffff00,26,regular
115,242,15171537,1778454000,Minnesota United,41618,#585958,#9ccee5,#9ccee5,Austin FC,377973,#1ca949,#000000,#000000,26,regular
116,242,15171540,1778461200,Los Angeles FC,274650,#303030,#c39e69,#c39e69,Houston Dynamo,2508,#ff6600,#ffffff,#ffffff,26,regular
117,242,15171541,1778713200,Charlotte FC,404108,#3180ff,#010101,#010101,New York City FC,187643,#6eade0,#171d23,#171d23,26,regular
118,242,15171542,1778715000,FC Cincinnati,215167,#0433ff,#ff7309,#ff7309,Inter Miami CF,337602,#212322,#f6b5cc,#f6b5cc,26,regular
119,242,15171550,1778715000,Orlando City SC,52237,#660099,#ffffff,#ffffff,Philadelphia Union,39833,#000033,#999900,#999900,26,regular
120,242,15171548,1778715000,New York Red Bulls,2506,#ffffff,#cc0000,#cc0000,Columbus Crew,2504,#000000,#ffff00,#ffff00,26,regular
121,242,15171544,1778715000,New England Revolution,2511,#000066,#ff0000,#ff0000,Nashville SC,337612,#0f1545,#ece83a,#ece83a,26,regular
122,242,15171545,1778715000,CF Montréal,22006,#0033ff,#000000,#000000,Portland Timbers,22007,#006633,#006633,#006633,26,regular
123,242,15171543,1778715000,DC United,2502,#000000,#ff0000,#ff0000,Chicago Fire,2505,#ff0000,#000066,#000066,26,regular
124,242,15171549,1778718600,St.Louis City,407803,#374df5,#374df5,#ffffff,Los Angeles FC,274650,#303030,#c39e69,#c39e69,26,regular
125,242,15171554,1778718600,Sporting Kansas City,2509,#99ccff,#000033,#000033,LA Galaxy,2513,#ffffff,#ffcc00,#ffcc00,26,regular
126,242,15171547,1778718600,FC Dallas,2512,#ff0000,#cc0000,#cc0000,Vancouver Whitecaps,22010,#ffffff,#000066,#000066,26,regular
127,242,15171546,1778718600,Minnesota United,41618,#585958,#9ccee5,#9ccee5,Colorado Rapids,2510,#660033,#ffffff,#ffffff,26,regular
128,242,15171559,1778722200,Seattle Sounders FC,22009,#33cc00,#0066ff,#0066ff,San Jose Earthquakes,21825,#3366ff,#000000,#000000,26,regular
129,242,15171552,1778722200,San Diego FC,1043961,#374df5,#374df5,#ffffff,Austin FC,377973,#1ca949,#000000,#000000,26,regular
130,242,15171551,1778722200,Real Salt Lake,5133,#cc0000,#ffff00,#ffff00,Houston Dynamo,2508,#ff6600,#ffffff,#ffffff,26,regular
131,242,15171558,1778974200,Philadelphia Union,39833,#000033,#999900,#999900,Columbus Crew,2504,#000000,#ffff00,#ffff00,26,regular
132,242,15171556,1778974200,Orlando City SC,52237,#660099,#ffffff,#ffffff,Atlanta United,243211,#000000,#80000a,#80000a,26,regular
133,242,15171562,1778974200,New York Red Bulls,2506,#ffffff,#cc0000,#cc0000,New York City FC,187643,#6eade0,#171d23,#171d23,26,regular
134,242,15171553,1778974200,Charlotte FC,404108,#3180ff,#010101,#010101,Toronto FC,7080,#ff0000,#000000,#000000,26,regular
135,242,15171557,1778974200,CF Montréal,22006,#0033ff,#000000,#000000,Chicago Fire,2505,#ff0000,#000066,#000066,26,regular
136,242,15171561,1778974200,New England Revolution,2511,#000066,#ff0000,#ff0000,Minnesota United,41618,#585958,#9ccee5,#9ccee5,26,regular
137,242,15171555,1778974200,DC United,2502,#000000,#ff0000,#ff0000,St.Louis City,407803,#374df5,#374df5,#ffffff,26,regular
138,242,15171566,1778977800,Houston Dynamo,2508,#ff6600,#ffffff,#ffffff,Vancouver Whitecaps,22010,#ffffff,#000066,#000066,26,regular
139,242,15171560,1778977800,Austin FC,377973,#1ca949,#000000,#000000,Sporting Kansas City,2509,#99ccff,#000033,#000033,26,regular
140,242,15171564,1778979600,Seattle Sounders FC,22009,#33cc00,#0066ff,#0066ff,LA Galaxy,2513,#ffffff,#ffcc00,#ffcc00,26,regular
141,242,15171563,1778981400,Real Salt Lake,5133,#cc0000,#ffff00,#ffff00,Colorado Rapids,2510,#660033,#ffffff,#ffffff,26,regular
142,242,15171568,1778985000,San Diego FC,1043961,#374df5,#374df5,#ffffff,FC Cincinnati,215167,#0433ff,#ff7309,#ff7309,26,regular
143,242,15171565,1778985000,San Jose Earthquakes,21825,#3366ff,#000000,#000000,FC Dallas,2512,#ff0000,#cc0000,#cc0000,26,regular
144,242,15171567,1779055200,Inter Miami CF,337602,#212322,#f6b5cc,#f6b5cc,Portland Timbers,22007,#006633,#006633,#006633,26,regular
145,242,15171570,1779062400,Nashville SC,337612,#0f1545,#ece83a,#ece83a,Los Angeles FC,274650,#303030,#c39e69,#c39e69,26,regular
146,242,15171571,1779561000,St.Louis City,407803,#374df5,#374df5,#ffffff,Austin FC,377973,#1ca949,#000000,#000000,26,regular
147,242,15171573,1779579000,FC Cincinnati,215167,#0433ff,#ff7309,#ff7309,Orlando City SC,52237,#660099,#ffffff,#ffffff,26,regular
148,242,15171569,1779579000,Charlotte FC,404108,#3180ff,#010101,#010101,New England Revolution,2511,#000066,#ff0000,#ff0000,26,regular
149,242,15171572,1779579000,DC United,2502,#000000,#ff0000,#ff0000,CF Montréal,22006,#0033ff,#000000,#000000,26,regular
150,242,15171578,1779582600,Nashville SC,337612,#0f1545,#ece83a,#ece83a,New York City FC,187643,#6eade0,#171d23,#171d23,26,regular
151,242,15171574,1779582600,Chicago Fire,2505,#ff0000,#000066,#000066,Toronto FC,7080,#ff0000,#000000,#000000,26,regular
152,242,15171575,1779582600,Sporting Kansas City,2509,#99ccff,#000033,#000033,New York Red Bulls,2506,#ffffff,#cc0000,#cc0000,26,regular
153,242,15171576,1779582600,Minnesota United,41618,#585958,#9ccee5,#9ccee5,Real Salt Lake,5133,#cc0000,#ffff00,#ffff00,26,regular
154,242,15171580,1779586200,San Diego FC,1043961,#374df5,#374df5,#ffffff,Vancouver Whitecaps,22010,#ffffff,#000066,#000066,26,regular
155,242,15171577,1779586200,Colorado Rapids,2510,#660033,#ffffff,#ffffff,FC Dallas,2512,#ff0000,#cc0000,#cc0000,26,regular
156,242,15171581,1779586200,Portland Timbers,22007,#006633,#006633,#006633,San Jose Earthquakes,21825,#3366ff,#000000,#000000,26,regular
157,242,15171579,1779589800,LA Galaxy,2513,#ffffff,#ffcc00,#ffcc00,Houston Dynamo,2508,#ff6600,#ffffff,#ffffff,26,regular
158,242,15171588,1779656400,Columbus Crew,2504,#000000,#ffff00,#ffff00,Atlanta United,243211,#000000,#80000a,#80000a,26,regular
159,242,15171584,1779663600,Inter Miami CF,337602,#212322,#f6b5cc,#f6b5cc,Philadelphia Union,39833,#000033,#999900,#999900,26,regular
160,242,15171582,1779670800,Los Angeles FC,274650,#303030,#c39e69,#c39e69,Seattle Sounders FC,22009,#33cc00,#0066ff,#0066ff,26,regular
161,242,15171592,1784244600,CF Montréal,22006,#0033ff,#000000,#000000,Toronto FC,7080,#ff0000,#000000,#000000,26,regular
162,242,15171583,1784248200,Chicago Fire,2505,#ff0000,#000066,#000066,Vancouver Whitecaps,22010,#ffffff,#000066,#000066,26,regular
163,242,15171586,1784248200,St.Louis City,407803,#374df5,#374df5,#ffffff,Sporting Kansas City,2509,#99ccff,#000033,#000033,26,regular
164,242,15171585,1784255400,Seattle Sounders FC,22009,#33cc00,#0066ff,#0066ff,Portland Timbers,22007,#006633,#006633,#006633,26,regular
165,242,15171589,1784332800,Nashville SC,337612,#0f1545,#ece83a,#ece83a,Atlanta United,243211,#000000,#80000a,#80000a,26,regular
166,242,15171587,1784341800,LA Galaxy,2513,#ffffff,#ffcc00,#ffcc00,Los Angeles FC,274650,#303030,#c39e69,#c39e69,26,regular
167,242,15171594,1784763000,Inter Miami CF,337602,#212322,#f6b5cc,#f6b5cc,Chicago Fire,2505,#ff0000,#000066,#000066,26,regular
168,242,15171590,1784763000,FC Cincinnati,215167,#0433ff,#ff7309,#ff7309,Vancouver Whitecaps,22010,#ffffff,#000066,#000066,26,regular
169,242,15171598,1784763000,Columbus Crew,2504,#000000,#ffff00,#ffff00,New York City FC,187643,#6eade0,#171d23,#171d23,26,regular
170,242,15171596,1784763000,Philadelphia Union,39833,#000033,#999900,#999900,New York Red Bulls,2506,#ffffff,#cc0000,#cc0000,26,regular
171,242,15171595,1784763000,New England Revolution,2511,#000066,#ff0000,#ff0000,Toronto FC,7080,#ff0000,#000000,#000000,26,regular
172,242,15171593,1784764800,Charlotte FC,404108,#3180ff,#010101,#010101,Atlanta United,243211,#000000,#80000a,#80000a,26,regular
173,242,15171591,1784766600,Austin FC,377973,#1ca949,#000000,#000000,Seattle Sounders FC,22009,#33cc00,#0066ff,#0066ff,26,regular
174,242,15171597,1784766600,Nashville SC,337612,#0f1545,#ece83a,#ece83a,CF Montréal,22006,#0033ff,#000000,#000000,26,regular
175,242,15171608,1784766600,Sporting Kansas City,2509,#99ccff,#000033,#000033,Minnesota United,41618,#585958,#9ccee5,#9ccee5,26,regular
176,242,15171599,1784766600,Houston Dynamo,2508,#ff6600,#ffffff,#ffffff,DC United,2502,#000000,#ff0000,#ff0000,26,regular
177,242,15171600,1784770200,Colorado Rapids,2510,#660033,#ffffff,#ffffff,San Diego FC,1043961,#374df5,#374df5,#ffffff,26,regular
178,242,15171604,1784773800,Los Angeles FC,274650,#303030,#c39e69,#c39e69,Real Salt Lake,5133,#cc0000,#ffff00,#ffff00,26,regular
179,242,15171603,1784773800,LA Galaxy,2513,#ffffff,#ffcc00,#ffcc00,St.Louis City,407803,#374df5,#374df5,#ffffff,26,regular
180,242,15171602,1784773800,San Jose Earthquakes,21825,#3366ff,#000000,#000000,Orlando City SC,52237,#660099,#ffffff,#ffffff,26,regular
181,242,15171601,1784773800,Portland Timbers,22007,#006633,#006633,#006633,FC Dallas,2512,#ff0000,#cc0000,#cc0000,26,regular
182,242,15171606,1785020400,Columbus Crew,2504,#000000,#ffff00,#ffff00,FC Cincinnati,215167,#0433ff,#ff7309,#ff7309,26,regular
183,242,15171611,1785022200,CF Montréal,22006,#0033ff,#000000,#000000,Inter Miami CF,337602,#212322,#f6b5cc,#f6b5cc,26,regular
184,242,15171613,1785022200,Philadelphia Union,39833,#000033,#999900,#999900,Seattle Sounders FC,22009,#33cc00,#0066ff,#0066ff,26,regular
185,242,15171612,1785022200,Orlando City SC,52237,#660099,#ffffff,#ffffff,Nashville SC,337612,#0f1545,#ece83a,#ece83a,26,regular
186,242,15171609,1785022200,New York City FC,187643,#6eade0,#171d23,#171d23,Chicago Fire,2505,#ff0000,#000066,#000066,26,regular
187,242,15171607,1785022200,New England Revolution,2511,#000066,#ff0000,#ff0000,Atlanta United,243211,#000000,#80000a,#80000a,26,regular
188,242,15171610,1785022200,New York Red Bulls,2506,#ffffff,#cc0000,#cc0000,Charlotte FC,404108,#3180ff,#010101,#010101,26,regular
189,242,15171605,1785022200,DC United,2502,#000000,#ff0000,#ff0000,Toronto FC,7080,#ff0000,#000000,#000000,26,regular
190,242,15171615,1785025800,Minnesota United,41618,#585958,#9ccee5,#9ccee5,Vancouver Whitecaps,22010,#ffffff,#000066,#000066,26,regular
191,242,15171614,1785025800,Houston Dynamo,2508,#ff6600,#ffffff,#ffffff,Austin FC,377973,#1ca949,#000000,#000000,26,regular
192,242,15171616,1785025800,St.Louis City,407803,#374df5,#374df5,#ffffff,Colorado Rapids,2510,#660033,#ffffff,#ffffff,26,regular
193,242,15171617,1785029400,San Diego FC,1043961,#374df5,#374df5,#ffffff,FC Dallas,2512,#ff0000,#cc0000,#cc0000,26,regular
194,242,15171618,1785033000,Los Angeles FC,274650,#303030,#c39e69,#c39e69,Sporting Kansas City,2509,#99ccff,#000033,#000033,26,regular
195,242,15171620,1785033000,San Jose Earthquakes,21825,#3366ff,#000000,#000000,LA Galaxy,2513,#ffffff,#ffcc00,#ffcc00,26,regular
196,242,15171619,1785033000,Portland Timbers,22007,#006633,#006633,#006633,Real Salt Lake,5133,#cc0000,#ffff00,#ffff00,26,regular
197,242,15171622,1785540600,New York City FC,187643,#6eade0,#171d23,#171d23,Toronto FC,7080,#ff0000,#000000,#000000,26,regular
198,242,15171627,1785627000,Inter Miami CF,337602,#212322,#f6b5cc,#f6b5cc,Columbus Crew,2504,#000000,#ffff00,#ffff00,26,regular
199,242,15171628,1785627000,Vancouver Whitecaps,22010,#ffffff,#000066,#000066,Los Angeles FC,274650,#303030,#c39e69,#c39e69,26,regular
200,242,15171626,1785627000,Philadelphia Union,39833,#000033,#999900,#999900,Atlanta United,243211,#000000,#80000a,#80000a,26,regular
201,242,15171625,1785627000,New York Red Bulls,2506,#ffffff,#cc0000,#cc0000,Orlando City SC,52237,#660099,#ffffff,#ffffff,26,regular
202,242,15171623,1785627000,FC Cincinnati,215167,#0433ff,#ff7309,#ff7309,San Jose Earthquakes,21825,#3366ff,#000000,#000000,26,regular
203,242,15171621,1785627000,DC United,2502,#000000,#ff0000,#ff0000,Nashville SC,337612,#0f1545,#ece83a,#ece83a,26,regular
204,242,15171624,1785627000,CF Montréal,22006,#0033ff,#000000,#000000,New England Revolution,2511,#000066,#ff0000,#ff0000,26,regular
205,242,15171634,1785630600,Chicago Fire,2505,#ff0000,#000066,#000066,Charlotte FC,404108,#3180ff,#010101,#010101,26,regular
206,242,15171633,1785630600,Minnesota United,41618,#585958,#9ccee5,#9ccee5,San Diego FC,1043961,#374df5,#374df5,#ffffff,26,regular
207,242,15171631,1785630600,Sporting Kansas City,2509,#99ccff,#000033,#000033,Houston Dynamo,2508,#ff6600,#ffffff,#ffffff,26,regular
208,242,15171636,1785630600,St.Louis City,407803,#374df5,#374df5,#ffffff,Real Salt Lake,5133,#cc0000,#ffff00,#ffff00,26,regular
209,242,15171635,1785634200,Colorado Rapids,2510,#660033,#ffffff,#ffffff,Austin FC,377973,#1ca949,#000000,#000000,26,regular
210,242,15171632,1785637800,LA Galaxy,2513,#ffffff,#ffcc00,#ffcc00,FC Dallas,2512,#ff0000,#cc0000,#cc0000,26,regular
211,242,15171630,1785637800,Portland Timbers,22007,#006633,#006633,#006633,Seattle Sounders FC,22009,#33cc00,#0066ff,#0066ff,26,regular
212,242,15710573,1786221000,New England Revolution,2511,#000066,#ff0000,#ff0000,Houston Dynamo,2508,#ff6600,#ffffff,#ffffff,26,regular
213,242,15171639,1786836600,Orlando City SC,52237,#660099,#ffffff,#ffffff,FC Cincinnati,215167,#0433ff,#ff7309,#ff7309,26,regular
214,242,15171629,1786836600,Atlanta United,243211,#000000,#80000a,#80000a,New York Red Bulls,2506,#ffffff,#cc0000,#cc0000,26,regular
215,242,15171638,1786836600,Charlotte FC,404108,#3180ff,#010101,#010101,Columbus Crew,2504,#000000,#ffff00,#ffff00,26,regular
216,242,15171640,1786836600,Toronto FC,7080,#ff0000,#000000,#000000,New England Revolution,2511,#000066,#ff0000,#ff0000,26,regular
217,242,15171637,1786836600,CF Montréal,22006,#0033ff,#000000,#000000,DC United,2502,#000000,#ff0000,#ff0000,26,regular
218,242,15171641,1786840200,Nashville SC,337612,#0f1545,#ece83a,#ece83a,Inter Miami CF,337602,#212322,#f6b5cc,#f6b5cc,26,regular
219,242,15171644,1786840200,Houston Dynamo,2508,#ff6600,#ffffff,#ffffff,LA Galaxy,2513,#ffffff,#ffcc00,#ffcc00,26,regular
220,242,15171642,1786840200,Austin FC,377973,#1ca949,#000000,#000000,FC Dallas,2512,#ff0000,#cc0000,#cc0000,26,regular
221,242,15171650,1786843800,Real Salt Lake,5133,#cc0000,#ffff00,#ffff00,Minnesota United,41618,#585958,#9ccee5,#9ccee5,26,regular
222,242,15171643,1786843800,Colorado Rapids,2510,#660033,#ffffff,#ffffff,Sporting Kansas City,2509,#99ccff,#000033,#000033,26,regular
223,242,15171646,1786847400,Los Angeles FC,274650,#303030,#c39e69,#c39e69,San Diego FC,1043961,#374df5,#374df5,#ffffff,26,regular
224,242,15171645,1786847400,San Jose Earthquakes,21825,#3366ff,#000000,#000000,St.Louis City,407803,#374df5,#374df5,#ffffff,26,regular
225,242,15171647,1786919400,New York City FC,187643,#6eade0,#171d23,#171d23,Philadelphia Union,39833,#000033,#999900,#999900,26,regular
226,242,15171649,1786919400,Chicago Fire,2505,#ff0000,#000066,#000066,Portland Timbers,22007,#006633,#006633,#006633,26,regular
227,242,15171648,1786928400,Seattle Sounders FC,22009,#33cc00,#0066ff,#0066ff,Vancouver Whitecaps,22010,#ffffff,#000066,#000066,26,regular
228,242,15171657,1787182200,Philadelphia Union,39833,#000033,#999900,#999900,Inter Miami CF,337602,#212322,#f6b5cc,#f6b5cc,26,regular
229,242,15171651,1787182200,FC Cincinnati,215167,#0433ff,#ff7309,#ff7309,New York City FC,187643,#6eade0,#171d23,#171d23,26,regular
230,242,15171652,1787182200,Columbus Crew,2504,#000000,#ffff00,#ffff00,CF Montréal,22006,#0033ff,#000000,#000000,26,regular
231,242,15171654,1787182200,New York Red Bulls,2506,#ffffff,#cc0000,#cc0000,Nashville SC,337612,#0f1545,#ece83a,#ece83a,26,regular
232,242,15171656,1787182200,Orlando City SC,52237,#660099,#ffffff,#ffffff,Chicago Fire,2505,#ff0000,#000066,#000066,26,regular
233,242,15171663,1787182200,Toronto FC,7080,#ff0000,#000000,#000000,Charlotte FC,404108,#3180ff,#010101,#010101,26,regular
234,242,15171653,1787182200,DC United,2502,#000000,#ff0000,#ff0000,New England Revolution,2511,#000066,#ff0000,#ff0000,26,regular
235,242,15171655,1787184000,Sporting Kansas City,2509,#99ccff,#000033,#000033,St.Louis City,407803,#374df5,#374df5,#ffffff,26,regular
236,242,15171659,1787185800,Minnesota United,41618,#585958,#9ccee5,#9ccee5,Atlanta United,243211,#000000,#80000a,#80000a,26,regular
237,242,15171658,1787189400,Colorado Rapids,2510,#660033,#ffffff,#ffffff,Los Angeles FC,274650,#303030,#c39e69,#c39e69,26,regular
238,242,15171662,1787189400,Seattle Sounders FC,22009,#33cc00,#0066ff,#0066ff,Austin FC,377973,#1ca949,#000000,#000000,26,regular
239,242,15171660,1787189400,Real Salt Lake,5133,#cc0000,#ffff00,#ffff00,FC Dallas,2512,#ff0000,#cc0000,#cc0000,26,regular
240,242,15171661,1787193000,LA Galaxy,2513,#ffffff,#ffcc00,#ffcc00,San Jose Earthquakes,21825,#3366ff,#000000,#000000,26,regular
241,242,15171665,1787193000,Vancouver Whitecaps,22010,#ffffff,#000066,#000066,Houston Dynamo,2508,#ff6600,#ffffff,#ffffff,26,regular
242,242,15171664,1787193000,Portland Timbers,22007,#006633,#006633,#006633,San Diego FC,1043961,#374df5,#374df5,#ffffff,26,regular
243,242,15171667,1787441400,Inter Miami CF,337602,#212322,#f6b5cc,#f6b5cc,Toronto FC,7080,#ff0000,#000000,#000000,26,regular
244,242,15171671,1787441400,FC Cincinnati,215167,#0433ff,#ff7309,#ff7309,Seattle Sounders FC,22009,#33cc00,#0066ff,#0066ff,26,regular
245,242,15171668,1787441400,CF Montréal,22006,#0033ff,#000000,#000000,LA Galaxy,2513,#ffffff,#ffcc00,#ffcc00,26,regular
246,242,15171670,1787441400,New York Red Bulls,2506,#ffffff,#cc0000,#cc0000,Chicago Fire,2505,#ff0000,#000066,#000066,26,regular
247,242,15171669,1787441400,Orlando City SC,52237,#660099,#ffffff,#ffffff,Real Salt Lake,5133,#cc0000,#ffff00,#ffff00,26,regular
248,242,15171666,1787441400,Charlotte FC,404108,#3180ff,#010101,#010101,DC United,2502,#000000,#ff0000,#ff0000,26,regular
249,242,15171685,1787445000,Nashville SC,337612,#0f1545,#ece83a,#ece83a,Columbus Crew,2504,#000000,#ffff00,#ffff00,26,regular
250,242,15171672,1787445000,Austin FC,377973,#1ca949,#000000,#000000,Philadelphia Union,39833,#000033,#999900,#999900,26,regular
251,242,15171673,1787445000,St.Louis City,407803,#374df5,#374df5,#ffffff,Houston Dynamo,2508,#ff6600,#ffffff,#ffffff,26,regular
252,242,15171677,1787448600,Vancouver Whitecaps,22010,#ffffff,#000066,#000066,FC Dallas,2512,#ff0000,#cc0000,#cc0000,26,regular
253,242,15171686,1787452200,Los Angeles FC,274650,#303030,#c39e69,#c39e69,Portland Timbers,22007,#006633,#006633,#006633,26,regular
254,242,15171674,1787452200,San Diego FC,1043961,#374df5,#374df5,#ffffff,Colorado Rapids,2510,#660033,#ffffff,#ffffff,26,regular
255,242,15171675,1787452200,San Jose Earthquakes,21825,#3366ff,#000000,#000000,Minnesota United,41618,#585958,#9ccee5,#9ccee5,26,regular
256,242,15171676,1787517000,New England Revolution,2511,#000066,#ff0000,#ff0000,New York City FC,187643,#6eade0,#171d23,#171d23,26,regular
257,242,15171679,1787526000,Atlanta United,243211,#000000,#80000a,#80000a,Sporting Kansas City,2509,#99ccff,#000033,#000033,26,regular
258,242,15168337,1788035400,Seattle Sounders FC,22009,#33cc00,#0066ff,#0066ff,Chicago Fire,2505,#ff0000,#000066,#000066,26,regular
259,242,15168339,1788046200,Inter Miami CF,337602,#212322,#f6b5cc,#f6b5cc,CF Montréal,22006,#0033ff,#000000,#000000,26,regular
260,242,15168340,1788046200,DC United,2502,#000000,#ff0000,#ff0000,Los Angeles FC,274650,#303030,#c39e69,#c39e69,26,regular
261,242,15168359,1788046200,New York Red Bulls,2506,#ffffff,#cc0000,#cc0000,Philadelphia Union,39833,#000033,#999900,#999900,26,regular
262,242,15168362,1788046200,Toronto FC,7080,#ff0000,#000000,#000000,New York City FC,187643,#6eade0,#171d23,#171d23,26,regular
263,242,15168342,1788046200,Atlanta United,243211,#000000,#80000a,#80000a,Charlotte FC,404108,#3180ff,#010101,#010101,26,regular
264,242,15168347,1788046200,Columbus Crew,2504,#000000,#ffff00,#ffff00,New England Revolution,2511,#000066,#ff0000,#ff0000,26,regular
265,242,15168336,1788049800,Nashville SC,337612,#0f1545,#ece83a,#ece83a,FC Cincinnati,215167,#0433ff,#ff7309,#ff7309,26,regular
266,242,15168356,1788049800,Sporting Kansas City,2509,#99ccff,#000033,#000033,Vancouver Whitecaps,22010,#ffffff,#000066,#000066,26,regular
267,242,15168354,1788049800,Minnesota United,41618,#585958,#9ccee5,#9ccee5,Orlando City SC,52237,#660099,#ffffff,#ffffff,26,regular
268,242,15168348,1788049800,Houston Dynamo,2508,#ff6600,#ffffff,#ffffff,San Jose Earthquakes,21825,#3366ff,#000000,#000000,26,regular
269,242,15168352,1788053400,Colorado Rapids,2510,#660033,#ffffff,#ffffff,Real Salt Lake,5133,#cc0000,#ffff00,#ffff00,26,regular
270,242,15168349,1788057000,San Diego FC,1043961,#374df5,#374df5,#ffffff,LA Galaxy,2513,#ffffff,#ffcc00,#ffcc00,26,regular
271,242,15168346,1788057000,Portland Timbers,22007,#006633,#006633,#006633,Austin FC,377973,#1ca949,#000000,#000000,26,regular
272,242,15168343,1788130800,St.Louis City,407803,#374df5,#374df5,#ffffff,FC Dallas,2512,#ff0000,#cc0000,#cc0000,26,regular
273,242,15168351,1788564600,New York City FC,187643,#6eade0,#171d23,#171d23,Nashville SC,337612,#0f1545,#ece83a,#ece83a,26,regular
274,242,15168360,1788651000,Inter Miami CF,337602,#212322,#f6b5cc,#f6b5cc,Atlanta United,243211,#000000,#80000a,#80000a,26,regular
275,242,15168358,1788651000,Philadelphia Union,39833,#000033,#999900,#999900,CF Montréal,22006,#0033ff,#000000,#000000,26,regular
276,242,15168341,1788651000,FC Cincinnati,215167,#0433ff,#ff7309,#ff7309,DC United,2502,#000000,#ff0000,#ff0000,26,regular
277,242,15168338,1788651000,Orlando City SC,52237,#660099,#ffffff,#ffffff,San Diego FC,1043961,#374df5,#374df5,#ffffff,26,regular
278,242,15168357,1788651000,Columbus Crew,2504,#000000,#ffff00,#ffff00,Colorado Rapids,2510,#660033,#ffffff,#ffffff,26,regular
279,242,15168353,1788651000,Toronto FC,7080,#ff0000,#000000,#000000,Chicago Fire,2505,#ff0000,#000066,#000066,26,regular
280,242,15168344,1788651000,Charlotte FC,404108,#3180ff,#010101,#010101,Houston Dynamo,2508,#ff6600,#ffffff,#ffffff,26,regular
281,242,15168363,1788654600,Seattle Sounders FC,22009,#33cc00,#0066ff,#0066ff,New York Red Bulls,2506,#ffffff,#cc0000,#cc0000,26,regular
282,242,15168361,1788654600,FC Dallas,2512,#ff0000,#cc0000,#cc0000,Sporting Kansas City,2509,#99ccff,#000033,#000033,26,regular
283,242,15168364,1788654600,Austin FC,377973,#1ca949,#000000,#000000,San Jose Earthquakes,21825,#3366ff,#000000,#000000,26,regular
284,242,15168345,1788658200,Real Salt Lake,5133,#cc0000,#ffff00,#ffff00,Los Angeles FC,274650,#303030,#c39e69,#c39e69,26,regular
285,242,15168350,1788658200,LA Galaxy,2513,#ffffff,#ffcc00,#ffcc00,New England Revolution,2511,#000066,#ff0000,#ff0000,26,regular
286,242,15168365,1788661800,Vancouver Whitecaps,22010,#ffffff,#000066,#000066,St.Louis City,407803,#374df5,#374df5,#ffffff,26,regular
287,242,15168355,1788661800,Portland Timbers,22007,#006633,#006633,#006633,Minnesota United,41618,#585958,#9ccee5,#9ccee5,26,regular
288,242,15168370,1788996600,Philadelphia Union,39833,#000033,#999900,#999900,FC Cincinnati,215167,#0433ff,#ff7309,#ff7309,26,regular
289,242,15168367,1788996600,Atlanta United,243211,#000000,#80000a,#80000a,Orlando City SC,52237,#660099,#ffffff,#ffffff,26,regular
290,242,15168372,1788996600,Toronto FC,7080,#ff0000,#000000,#000000,Nashville SC,337612,#0f1545,#ece83a,#ece83a,26,regular
291,242,15168369,1788996600,DC United,2502,#000000,#ff0000,#ff0000,Columbus Crew,2504,#000000,#ffff00,#ffff00,26,regular
292,242,15168371,1788996600,New York City FC,187643,#6eade0,#171d23,#171d23,New England Revolution,2511,#000066,#ff0000,#ff0000,26,regular
293,242,15168368,1788996600,CF Montréal,22006,#0033ff,#000000,#000000,Charlotte FC,404108,#3180ff,#010101,#010101,26,regular
294,242,15168380,1789000200,Chicago Fire,2505,#ff0000,#000066,#000066,Inter Miami CF,337602,#212322,#f6b5cc,#f6b5cc,26,regular
295,242,15168378,1789000200,Minnesota United,41618,#585958,#9ccee5,#9ccee5,FC Dallas,2512,#ff0000,#cc0000,#cc0000,26,regular
296,242,15168373,1789000200,Austin FC,377973,#1ca949,#000000,#000000,Colorado Rapids,2510,#660033,#ffffff,#ffffff,26,regular
297,242,15168375,1789000200,Houston Dynamo,2508,#ff6600,#ffffff,#ffffff,Real Salt Lake,5133,#cc0000,#ffff00,#ffff00,26,regular
298,242,15168374,1789007400,Los Angeles FC,274650,#303030,#c39e69,#c39e69,New York Red Bulls,2506,#ffffff,#cc0000,#cc0000,26,regular
299,242,15168381,1789007400,Vancouver Whitecaps,22010,#ffffff,#000066,#000066,LA Galaxy,2513,#ffffff,#ffcc00,#ffcc00,26,regular
300,242,15168379,1789007400,Seattle Sounders FC,22009,#33cc00,#0066ff,#0066ff,Sporting Kansas City,2509,#99ccff,#000033,#000033,26,regular
301,242,15168377,1789007400,San Diego FC,1043961,#374df5,#374df5,#ffffff,San Jose Earthquakes,21825,#3366ff,#000000,#000000,26,regular
302,242,15168376,1789007400,Portland Timbers,22007,#006633,#006633,#006633,St.Louis City,407803,#374df5,#374df5,#ffffff,26,regular
303,242,15168386,1789255800,Inter Miami CF,337602,#212322,#f6b5cc,#f6b5cc,Nashville SC,337612,#0f1545,#ece83a,#ece83a,26,regular
304,242,15168384,1789255800,Columbus Crew,2504,#000000,#ffff00,#ffff00,New York Red Bulls,2506,#ffffff,#cc0000,#cc0000,26,regular
305,242,15168382,1789255800,FC Cincinnati,215167,#0433ff,#ff7309,#ff7309,Charlotte FC,404108,#3180ff,#010101,#010101,26,regular
306,242,15168387,1789255800,Orlando City SC,52237,#660099,#ffffff,#ffffff,Toronto FC,7080,#ff0000,#000000,#000000,26,regular
307,242,15168383,1789255800,DC United,2502,#000000,#ff0000,#ff0000,Atlanta United,243211,#000000,#80000a,#80000a,26,regular
308,242,15168418,1789259400,Sporting Kansas City,2509,#99ccff,#000033,#000033,Los Angeles FC,274650,#303030,#c39e69,#c39e69,26,regular
309,242,15168385,1789259400,FC Dallas,2512,#ff0000,#cc0000,#cc0000,Portland Timbers,22007,#006633,#006633,#006633,26,regular
310,242,15168389,1789259400,St.Louis City,407803,#374df5,#374df5,#ffffff,Minnesota United,41618,#585958,#9ccee5,#9ccee5,26,regular
311,242,15168394,1789263000,Real Salt Lake,5133,#cc0000,#ffff00,#ffff00,New York City FC,187643,#6eade0,#171d23,#171d23,26,regular
312,242,15168388,1789263000,Colorado Rapids,2510,#660033,#ffffff,#ffffff,CF Montréal,22006,#0033ff,#000000,#000000,26,regular
313,242,15168398,1789266600,LA Galaxy,2513,#ffffff,#ffcc00,#ffcc00,Seattle Sounders FC,22009,#33cc00,#0066ff,#0066ff,26,regular
314,242,15168392,1789266600,San Jose Earthquakes,21825,#3366ff,#000000,#000000,Houston Dynamo,2508,#ff6600,#ffffff,#ffffff,26,regular
315,242,15168401,1789338600,Vancouver Whitecaps,22010,#ffffff,#000066,#000066,Austin FC,377973,#1ca949,#000000,#000000,26,regular
316,242,15168396,1789338600,Chicago Fire,2505,#ff0000,#000066,#000066,New England Revolution,2511,#000066,#ff0000,#ff0000,26,regular
317,242,15168391,1789347600,San Diego FC,1043961,#374df5,#374df5,#ffffff,Philadelphia Union,39833,#000033,#999900,#999900,26,regular
318,242,15168393,1789774200,New York City FC,187643,#6eade0,#171d23,#171d23,New York Red Bulls,2506,#ffffff,#cc0000,#cc0000,26,regular
319,242,15168397,1789860600,San Jose Earthquakes,21825,#3366ff,#000000,#000000,Los Angeles FC,274650,#303030,#c39e69,#c39e69,26,regular
320,242,15168390,1789860600,CF Montréal,22006,#0033ff,#000000,#000000,Columbus Crew,2504,#000000,#ffff00,#ffff00,26,regular
321,242,15168400,1789860600,New England Revolution,2511,#000066,#ff0000,#ff0000,Orlando City SC,52237,#660099,#ffffff,#ffffff,26,regular
322,242,15168395,1789860600,DC United,2502,#000000,#ff0000,#ff0000,Charlotte FC,404108,#3180ff,#010101,#010101,26,regular
323,242,15168409,1789864200,Minnesota United,41618,#585958,#9ccee5,#9ccee5,LA Galaxy,2513,#ffffff,#ffcc00,#ffcc00,26,regular
324,242,15168399,1789864200,Houston Dynamo,2508,#ff6600,#ffffff,#ffffff,FC Cincinnati,215167,#0433ff,#ff7309,#ff7309,26,regular
325,242,15168407,1789864200,Sporting Kansas City,2509,#99ccff,#000033,#000033,Philadelphia Union,39833,#000033,#999900,#999900,26,regular
326,242,15168403,1789864200,FC Dallas,2512,#ff0000,#cc0000,#cc0000,Austin FC,377973,#1ca949,#000000,#000000,26,regular
327,242,15168406,1789864200,St.Louis City,407803,#374df5,#374df5,#ffffff,Toronto FC,7080,#ff0000,#000000,#000000,26,regular
328,242,15168405,1789867800,Colorado Rapids,2510,#660033,#ffffff,#ffffff,Seattle Sounders FC,22009,#33cc00,#0066ff,#0066ff,26,regular
329,242,15168402,1789867800,Real Salt Lake,5133,#cc0000,#ffff00,#ffff00,Vancouver Whitecaps,22010,#ffffff,#000066,#000066,26,regular
330,242,15168404,1789867800,Nashville SC,337612,#0f1545,#ece83a,#ece83a,Chicago Fire,2505,#ff0000,#000066,#000066,26,regular
331,242,15168408,1789871400,Portland Timbers,22007,#006633,#006633,#006633,Atlanta United,243211,#000000,#80000a,#80000a,26,regular
332,242,15168410,1789945200,Inter Miami CF,337602,#212322,#f6b5cc,#f6b5cc,San Diego FC,1043961,#374df5,#374df5,#ffffff,26,regular
333,242,15168416,1790465400,Philadelphia Union,39833,#000033,#999900,#999900,Orlando City SC,52237,#660099,#ffffff,#ffffff,26,regular
334,242,15168411,1790465400,Atlanta United,243211,#000000,#80000a,#80000a,New York City FC,187643,#6eade0,#171d23,#171d23,26,regular
335,242,15168413,1790465400,CF Montréal,22006,#0033ff,#000000,#000000,FC Cincinnati,215167,#0433ff,#ff7309,#ff7309,26,regular
336,242,15168412,1790465400,Charlotte FC,404108,#3180ff,#010101,#010101,Chicago Fire,2505,#ff0000,#000066,#000066,26,regular
337,242,15168414,1790465400,New York Red Bulls,2506,#ffffff,#cc0000,#cc0000,St.Louis City,407803,#374df5,#374df5,#ffffff,26,regular
338,242,15168417,1790469000,FC Dallas,2512,#ff0000,#cc0000,#cc0000,Los Angeles FC,274650,#303030,#c39e69,#c39e69,26,regular
339,242,15168420,1790469000,Seattle Sounders FC,22009,#33cc00,#0066ff,#0066ff,Minnesota United,41618,#585958,#9ccee5,#9ccee5,26,regular
340,242,15168421,1790469000,Nashville SC,337612,#0f1545,#ece83a,#ece83a,Toronto FC,7080,#ff0000,#000000,#000000,26,regular
341,242,15168415,1790469000,Austin FC,377973,#1ca949,#000000,#000000,San Diego FC,1043961,#374df5,#374df5,#ffffff,26,regular
342,242,15168419,1790469000,Houston Dynamo,2508,#ff6600,#ffffff,#ffffff,Sporting Kansas City,2509,#99ccff,#000033,#000033,26,regular
343,242,15168423,1790472600,Real Salt Lake,5133,#cc0000,#ffff00,#ffff00,New England Revolution,2511,#000066,#ff0000,#ff0000,26,regular
344,242,15168429,1790476200,LA Galaxy,2513,#ffffff,#ffcc00,#ffcc00,Colorado Rapids,2510,#660033,#ffffff,#ffffff,26,regular
345,242,15168426,1790476200,Vancouver Whitecaps,22010,#ffffff,#000066,#000066,DC United,2502,#000000,#ff0000,#ff0000,26,regular
346,242,15168424,1790476200,San Jose Earthquakes,21825,#3366ff,#000000,#000000,Portland Timbers,22007,#006633,#006633,#006633,26,regular
347,242,15168422,1790550000,Columbus Crew,2504,#000000,#ffff00,#ffff00,Inter Miami CF,337602,#212322,#f6b5cc,#f6b5cc,26,regular
348,242,15168425,1791657000,Chicago Fire,2505,#ff0000,#000066,#000066,New York City FC,187643,#6eade0,#171d23,#171d23,26,regular
349,242,15168428,1791662400,Toronto FC,7080,#ff0000,#000000,#000000,CF Montréal,22006,#0033ff,#000000,#000000,26,regular
350,242,15168431,1791675000,Inter Miami CF,337602,#212322,#f6b5cc,#f6b5cc,DC United,2502,#000000,#ff0000,#ff0000,26,regular
351,242,15168427,1791675000,Atlanta United,243211,#000000,#80000a,#80000a,FC Cincinnati,215167,#0433ff,#ff7309,#ff7309,26,regular
352,242,15168434,1791675000,Orlando City SC,52237,#660099,#ffffff,#ffffff,Columbus Crew,2504,#000000,#ffff00,#ffff00,26,regular
353,242,15168432,1791675000,New England Revolution,2511,#000066,#ff0000,#ff0000,Seattle Sounders FC,22009,#33cc00,#0066ff,#0066ff,26,regular
354,242,15168435,1791675000,Philadelphia Union,39833,#000033,#999900,#999900,Real Salt Lake,5133,#cc0000,#ffff00,#ffff00,26,regular
355,242,15168433,1791675000,New York Red Bulls,2506,#ffffff,#cc0000,#cc0000,San Diego FC,1043961,#374df5,#374df5,#ffffff,26,regular
356,242,15168430,1791675000,Charlotte FC,404108,#3180ff,#010101,#010101,FC Dallas,2512,#ff0000,#cc0000,#cc0000,26,regular
357,242,15171678,1791678600,Austin FC,377973,#1ca949,#000000,#000000,Nashville SC,337612,#0f1545,#ece83a,#ece83a,26,regular
358,242,15171681,1791678600,Minnesota United,41618,#585958,#9ccee5,#9ccee5,Houston Dynamo,2508,#ff6600,#ffffff,#ffffff,26,regular
359,242,15171680,1791678600,Sporting Kansas City,2509,#99ccff,#000033,#000033,Portland Timbers,22007,#006633,#006633,#006633,26,regular
360,242,15171682,1791682200,Colorado Rapids,2510,#660033,#ffffff,#ffffff,San Jose Earthquakes,21825,#3366ff,#000000,#000000,26,regular
361,242,15171684,1791685800,Los Angeles FC,274650,#303030,#c39e69,#c39e69,Vancouver Whitecaps,22010,#ffffff,#000066,#000066,26,regular
362,242,15171690,1791759600,St.Louis City,407803,#374df5,#374df5,#ffffff,LA Galaxy,2513,#ffffff,#ffcc00,#ffcc00,26,regular
363,242,15171687,1792020600,Inter Miami CF,337602,#212322,#f6b5cc,#f6b5cc,New York City FC,187643,#6eade0,#171d23,#171d23,26,regular
364,242,15171688,1792020600,Columbus Crew,2504,#000000,#ffff00,#ffff00,Charlotte FC,404108,#3180ff,#010101,#010101,26,regular
365,242,15171683,1792020600,FC Cincinnati,215167,#0433ff,#ff7309,#ff7309,New England Revolution,2511,#000066,#ff0000,#ff0000,26,regular
366,242,15171693,1792020600,Toronto FC,7080,#ff0000,#000000,#000000,Orlando City SC,52237,#660099,#ffffff,#ffffff,26,regular
367,242,15171691,1792020600,CF Montréal,22006,#0033ff,#000000,#000000,Atlanta United,243211,#000000,#80000a,#80000a,26,regular
368,242,15171689,1792020600,DC United,2502,#000000,#ff0000,#ff0000,New York Red Bulls,2506,#ffffff,#cc0000,#cc0000,26,regular
369,242,15171695,1792024200,FC Dallas,2512,#ff0000,#cc0000,#cc0000,Seattle Sounders FC,22009,#33cc00,#0066ff,#0066ff,26,regular
370,242,15171694,1792024200,Chicago Fire,2505,#ff0000,#000066,#000066,Philadelphia Union,39833,#000033,#999900,#999900,26,regular
371,242,15171696,1792024200,St.Louis City,407803,#374df5,#374df5,#ffffff,Vancouver Whitecaps,22010,#ffffff,#000066,#000066,26,regular
372,242,15171692,1792024200,Nashville SC,337612,#0f1545,#ece83a,#ece83a,Sporting Kansas City,2509,#99ccff,#000033,#000033,26,regular
373,242,15171702,1792027800,Colorado Rapids,2510,#660033,#ffffff,#ffffff,Minnesota United,41618,#585958,#9ccee5,#9ccee5,26,regular
374,242,15171698,1792027800,Real Salt Lake,5133,#cc0000,#ffff00,#ffff00,San Jose Earthquakes,21825,#3366ff,#000000,#000000,26,regular
375,242,15171697,1792031400,Los Angeles FC,274650,#303030,#c39e69,#c39e69,Austin FC,377973,#1ca949,#000000,#000000,26,regular
376,242,15171700,1792031400,LA Galaxy,2513,#ffffff,#ffcc00,#ffcc00,Portland Timbers,22007,#006633,#006633,#006633,26,regular
377,242,15171699,1792031400,San Diego FC,1043961,#374df5,#374df5,#ffffff,Houston Dynamo,2508,#ff6600,#ffffff,#ffffff,26,regular
378,242,15171701,1792261800,Philadelphia Union,39833,#000033,#999900,#999900,Charlotte FC,404108,#3180ff,#010101,#010101,26,regular
379,242,15171705,1792269000,Minnesota United,41618,#585958,#9ccee5,#9ccee5,St.Louis City,407803,#374df5,#374df5,#ffffff,26,regular
380,242,15171703,1792279800,Atlanta United,243211,#000000,#80000a,#80000a,Inter Miami CF,337602,#212322,#f6b5cc,#f6b5cc,26,regular
381,242,15171706,1792279800,New York City FC,187643,#6eade0,#171d23,#171d23,Los Angeles FC,274650,#303030,#c39e69,#c39e69,26,regular
382,242,15171707,1792279800,New York Red Bulls,2506,#ffffff,#cc0000,#cc0000,Toronto FC,7080,#ff0000,#000000,#000000,26,regular
383,242,15171708,1792279800,Orlando City SC,52237,#660099,#ffffff,#ffffff,DC United,2502,#000000,#ff0000,#ff0000,26,regular
384,242,15171704,1792279800,New England Revolution,2511,#000066,#ff0000,#ff0000,Chicago Fire,2505,#ff0000,#000066,#000066,26,regular
385,242,15171709,1792283400,Austin FC,377973,#1ca949,#000000,#000000,Vancouver Whitecaps,22010,#ffffff,#000066,#000066,26,regular
386,242,15171712,1792283400,Houston Dynamo,2508,#ff6600,#ffffff,#ffffff,FC Dallas,2512,#ff0000,#cc0000,#cc0000,26,regular
387,242,15171710,1792283400,Sporting Kansas City,2509,#99ccff,#000033,#000033,Real Salt Lake,5133,#cc0000,#ffff00,#ffff00,26,regular
388,242,15171711,1792290600,LA Galaxy,2513,#ffffff,#ffcc00,#ffcc00,San Diego FC,1043961,#374df5,#374df5,#ffffff,26,regular
389,242,15171713,1792290600,Seattle Sounders FC,22009,#33cc00,#0066ff,#0066ff,CF Montréal,22006,#0033ff,#000000,#000000,26,regular
390,242,15171714,1792290600,San Jose Earthquakes,21825,#3366ff,#000000,#000000,Nashville SC,337612,#0f1545,#ece83a,#ece83a,26,regular
391,242,15171716,1792290600,Portland Timbers,22007,#006633,#006633,#006633,Colorado Rapids,2510,#660033,#ffffff,#ffffff,26,regular
392,242,15171715,1792364400,FC Cincinnati,215167,#0433ff,#ff7309,#ff7309,Columbus Crew,2504,#000000,#ffff00,#ffff00,26,regular
393,242,15171717,1792866600,Columbus Crew,2504,#000000,#ffff00,#ffff00,Toronto FC,7080,#ff0000,#000000,#000000,26,regular
394,242,15171718,1792872000,CF Montréal,22006,#0033ff,#000000,#000000,Nashville SC,337612,#0f1545,#ece83a,#ece83a,26,regular
395,242,15171719,1792873800,New York Red Bulls,2506,#ffffff,#cc0000,#cc0000,Inter Miami CF,337602,#212322,#f6b5cc,#f6b5cc,26,regular
396,242,15171724,1792884600,Orlando City SC,52237,#660099,#ffffff,#ffffff,New York City FC,187643,#6eade0,#171d23,#171d23,26,regular
397,242,15171727,1792884600,DC United,2502,#000000,#ff0000,#ff0000,FC Cincinnati,215167,#0433ff,#ff7309,#ff7309,26,regular
398,242,15171725,1792884600,Philadelphia Union,39833,#000033,#999900,#999900,New England Revolution,2511,#000066,#ff0000,#ff0000,26,regular
399,242,15171720,1792884600,Atlanta United,243211,#000000,#80000a,#80000a,Chicago Fire,2505,#ff0000,#000066,#000066,26,regular
400,242,15171723,1792888200,Houston Dynamo,2508,#ff6600,#ffffff,#ffffff,Minnesota United,41618,#585958,#9ccee5,#9ccee5,26,regular
401,242,15171762,1792888200,FC Dallas,2512,#ff0000,#cc0000,#cc0000,San Jose Earthquakes,21825,#3366ff,#000000,#000000,26,regular
402,242,15171726,1792888200,Sporting Kansas City,2509,#99ccff,#000033,#000033,Austin FC,377973,#1ca949,#000000,#000000,26,regular
403,242,15171721,1792891800,Colorado Rapids,2510,#660033,#ffffff,#ffffff,Vancouver Whitecaps,22010,#ffffff,#000066,#000066,26,regular
404,242,15171730,1792891800,Real Salt Lake,5133,#cc0000,#ffff00,#ffff00,St.Louis City,407803,#374df5,#374df5,#ffffff,26,regular
405,242,15171732,1792895400,San Diego FC,1043961,#374df5,#374df5,#ffffff,Seattle Sounders FC,22009,#33cc00,#0066ff,#0066ff,26,regular
406,242,15171722,1792895400,Portland Timbers,22007,#006633,#006633,#006633,Charlotte FC,404108,#3180ff,#010101,#010101,26,regular
407,242,15171729,1792976400,Los Angeles FC,274650,#303030,#c39e69,#c39e69,LA Galaxy,2513,#ffffff,#ffcc00,#ffcc00,26,regular
408,242,15171728,1793230200,Inter Miami CF,337602,#212322,#f6b5cc,#f6b5cc,FC Cincinnati,215167,#0433ff,#ff7309,#ff7309,26,regular
409,242,15171739,1793230200,New York City FC,187643,#6eade0,#171d23,#171d23,Atlanta United,243211,#000000,#80000a,#80000a,26,regular
410,242,15171731,1793230200,New England Revolution,2511,#000066,#ff0000,#ff0000,New York Red Bulls,2506,#ffffff,#cc0000,#cc0000,26,regular
411,242,15171734,1793230200,Charlotte FC,404108,#3180ff,#010101,#010101,CF Montréal,22006,#0033ff,#000000,#000000,26,regular
412,242,15171744,1793230200,Toronto FC,7080,#ff0000,#000000,#000000,DC United,2502,#000000,#ff0000,#ff0000,26,regular
413,242,15171742,1793233800,Nashville SC,337612,#0f1545,#ece83a,#ece83a,Philadelphia Union,39833,#000033,#999900,#999900,26,regular
414,242,15171733,1793233800,FC Dallas,2512,#ff0000,#cc0000,#cc0000,Columbus Crew,2504,#000000,#ffff00,#ffff00,26,regular
415,242,15171736,1793233800,Chicago Fire,2505,#ff0000,#000066,#000066,Orlando City SC,52237,#660099,#ffffff,#ffffff,26,regular
416,242,15171737,1793233800,Minnesota United,41618,#585958,#9ccee5,#9ccee5,Sporting Kansas City,2509,#99ccff,#000033,#000033,26,regular
417,242,15171735,1793233800,Austin FC,377973,#1ca949,#000000,#000000,Real Salt Lake,5133,#cc0000,#ffff00,#ffff00,26,regular
418,242,15171743,1793233800,St.Louis City,407803,#374df5,#374df5,#ffffff,Portland Timbers,22007,#006633,#006633,#006633,26,regular
419,242,15171745,1793241000,Vancouver Whitecaps,22010,#ffffff,#000066,#000066,San Diego FC,1043961,#374df5,#374df5,#ffffff,26,regular
420,242,15171738,1793241000,Seattle Sounders FC,22009,#33cc00,#0066ff,#0066ff,Houston Dynamo,2508,#ff6600,#ffffff,#ffffff,26,regular
421,242,15171741,1793241000,San Jose Earthquakes,21825,#3366ff,#000000,#000000,Colorado Rapids,2510,#660033,#ffffff,#ffffff,26,regular
422,242,15171740,1793476800,FC Cincinnati,215167,#0433ff,#ff7309,#ff7309,Philadelphia Union,39833,#000033,#999900,#999900,26,regular
423,242,15171747,1793476800,Nashville SC,337612,#0f1545,#ece83a,#ece83a,New York Red Bulls,2506,#ffffff,#cc0000,#cc0000,26,regular
424,242,15171746,1793476800,Charlotte FC,404108,#3180ff,#010101,#010101,Orlando City SC,52237,#660099,#ffffff,#ffffff,26,regular
425,242,15171749,1793476800,Columbus Crew,2504,#000000,#ffff00,#ffff00,DC United,2502,#000000,#ff0000,#ff0000,26,regular
426,242,15171748,1793476800,New York City FC,187643,#6eade0,#171d23,#171d23,CF Montréal,22006,#0033ff,#000000,#000000,26,regular
427,242,15171758,1793563200,Los Angeles FC,274650,#303030,#c39e69,#c39e69,Minnesota United,41618,#585958,#9ccee5,#9ccee5,26,regular
428,242,15171756,1793563200,Vancouver Whitecaps,22010,#ffffff,#000066,#000066,Seattle Sounders FC,22009,#33cc00,#0066ff,#0066ff,26,regular
429,242,15171753,1793563200,LA Galaxy,2513,#ffffff,#ffcc00,#ffcc00,Austin FC,377973,#1ca949,#000000,#000000,26,regular
430,242,15171751,1793563200,Colorado Rapids,2510,#660033,#ffffff,#ffffff,Chicago Fire,2505,#ff0000,#000066,#000066,26,regular
431,242,15171750,1793563200,Sporting Kansas City,2509,#99ccff,#000033,#000033,FC Dallas,2512,#ff0000,#cc0000,#cc0000,26,regular
432,242,15171752,1793563200,St.Louis City,407803,#374df5,#374df5,#ffffff,San Diego FC,1043961,#374df5,#374df5,#ffffff,26,regular
433,242,15171754,1793563200,San Jose Earthquakes,21825,#3366ff,#000000,#000000,Real Salt Lake,5133,#cc0000,#ffff00,#ffff00,26,regular
434,242,15171755,1793565000,Atlanta United,243211,#000000,#80000a,#80000a,Toronto FC,7080,#ff0000,#000000,#000000,26,regular
435,242,15171757,1793574000,New England Revolution,2511,#000066,#ff0000,#ff0000,Inter Miami CF,337602,#212322,#f6b5cc,#f6b5cc,26,regular
436,242,15171760,1793584800,Portland Timbers,22007,#006633,#006633,#006633,Houston Dynamo,2508,#ff6600,#ffffff,#ffffff,26,regular
437,242,15171763,1794085200,Inter Miami CF,337602,#212322,#f6b5cc,#f6b5cc,Charlotte FC,404108,#3180ff,#010101,#010101,26,regular
438,242,15171761,1794085200,FC Cincinnati,215167,#0433ff,#ff7309,#ff7309,Nashville SC,337612,#0f1545,#ece83a,#ece83a,26,regular
439,242,15171770,1794085200,Philadelphia Union,39833,#000033,#999900,#999900,Toronto FC,7080,#ff0000,#000000,#000000,26,regular
440,242,15171769,1794085200,New York Red Bulls,2506,#ffffff,#cc0000,#cc0000,Atlanta United,243211,#000000,#80000a,#80000a,26,regular
441,242,15171765,1794085200,CF Montréal,22006,#0033ff,#000000,#000000,Vancouver Whitecaps,22010,#ffffff,#000066,#000066,26,regular
442,242,15171759,1794085200,Chicago Fire,2505,#ff0000,#000066,#000066,Columbus Crew,2504,#000000,#ffff00,#ffff00,26,regular
443,242,15171771,1794085200,Orlando City SC,52237,#660099,#ffffff,#ffffff,New England Revolution,2511,#000066,#ff0000,#ff0000,26,regular
444,242,15171764,1794085200,DC United,2502,#000000,#ff0000,#ff0000,New York City FC,187643,#6eade0,#171d23,#171d23,26,regular
445,242,15171775,1794096000,Seattle Sounders FC,22009,#33cc00,#0066ff,#0066ff,Los Angeles FC,274650,#303030,#c39e69,#c39e69,26,regular
446,242,15171768,1794096000,Real Salt Lake,5133,#cc0000,#ffff00,#ffff00,LA Galaxy,2513,#ffffff,#ffcc00,#ffcc00,26,regular
447,242,15171767,1794096000,FC Dallas,2512,#ff0000,#cc0000,#cc0000,Colorado Rapids,2510,#660033,#ffffff,#ffffff,26,regular
448,242,15171766,1794096000,Austin FC,377973,#1ca949,#000000,#000000,Portland Timbers,22007,#006633,#006633,#006633,26,regular
449,242,15171778,1794096000,San Diego FC,1043961,#374df5,#374df5,#ffffff,Sporting Kansas City,2509,#99ccff,#000033,#000033,26,regular
450,242,15171772,1794096000,Minnesota United,41618,#585958,#9ccee5,#9ccee5,San Jose Earthquakes,21825,#3366ff,#000000,#000000,26,regular
451,242,15171776,1794096000,Houston Dynamo,2508,#ff6600,#ffffff,#ffffff,St.Louis City,407803,#374df5,#374df5,#ffffff,26,regular
